class,order,suborder,family,subfamily,genus,notes,nothogenus
Lycopodiopsida,Lycopodiales,NA,Lycopodiaceae,Lycopodielloideae,Lateristachys,original PPGI 2016,no
Lycopodiopsida,Lycopodiales,NA,Lycopodiaceae,Lycopodielloideae,Lycopodiella,original PPGI 2016,no
Lycopodiopsida,Lycopodiales,NA,Lycopodiaceae,Lycopodielloideae,Palhinhaea,original PPGI 2016,no
Lycopodiopsida,Lycopodiales,NA,Lycopodiaceae,Lycopodielloideae,Pseudolycopodiella,original PPGI 2016,no
Lycopodiopsida,Lycopodiales,NA,Lycopodiaceae,Lycopodioideae,Austrolycopodium,original PPGI 2016,no
Lycopodiopsida,Lycopodiales,NA,Lycopodiaceae,Lycopodioideae,Dendrolycopodium,original PPGI 2016,no
Lycopodiopsida,Lycopodiales,NA,Lycopodiaceae,Lycopodioideae,Diphasiastrum,original PPGI 2016,no
Lycopodiopsida,Lycopodiales,NA,Lycopodiaceae,Lycopodioideae,Diphasium,original PPGI 2016,no
Lycopodiopsida,Lycopodiales,NA,Lycopodiaceae,Lycopodioideae,Lycopodiastrum,original PPGI 2016,no
Lycopodiopsida,Lycopodiales,NA,Lycopodiaceae,Lycopodioideae,Lycopodium,original PPGI 2016,no
Lycopodiopsida,Lycopodiales,NA,Lycopodiaceae,Lycopodioideae,Pseudodiphasium,original PPGI 2016,no
Lycopodiopsida,Lycopodiales,NA,Lycopodiaceae,Lycopodioideae,Pseudolycopodium,original PPGI 2016,no
Lycopodiopsida,Lycopodiales,NA,Lycopodiaceae,Lycopodioideae,Spinulum,original PPGI 2016,no
Lycopodiopsida,Lycopodiales,NA,Lycopodiaceae,Huperzioideae,Huperzia,original PPGI 2016,no
Lycopodiopsida,Lycopodiales,NA,Lycopodiaceae,Huperzioideae,Phlegmariurus,original PPGI 2016,no
Lycopodiopsida,Lycopodiales,NA,Lycopodiaceae,Huperzioideae,Phylloglossum,original PPGI 2016,no
Lycopodiopsida,Isoëtales,NA,Isoëtaceae,NA,Isoëtes,original PPGI 2016,no
Lycopodiopsida,Selaginellales,NA,Selaginellaceae,NA,Selaginella,original PPGI 2016,no
Polypodiopsida,Equisetales,NA,Equisetaceae,NA,Equisetum,original PPGI 2016,no
Polypodiopsida,Psilotales,NA,Psilotaceae,NA,Psilotum,original PPGI 2016,no
Polypodiopsida,Psilotales,NA,Psilotaceae,NA,Tmesipteris,original PPGI 2016,no
Polypodiopsida,Ophioglossales,NA,Ophioglossaceae,Helminthostachyoideae,Helminthostachys,original PPGI 2016,no
Polypodiopsida,Ophioglossales,NA,Ophioglossaceae,Mankyuoideae,Mankyua,original PPGI 2016,no
Polypodiopsida,Ophioglossales,NA,Ophioglossaceae,Ophioglossoideae,Cheiroglossa,original PPGI 2016,no
Polypodiopsida,Ophioglossales,NA,Ophioglossaceae,Ophioglossoideae,Ophioderma,original PPGI 2016,no
Polypodiopsida,Ophioglossales,NA,Ophioglossaceae,Ophioglossoideae,Ophioglossum,original PPGI 2016,no
Polypodiopsida,Ophioglossales,NA,Ophioglossaceae,Ophioglossoideae,Rhizoglossum,original PPGI 2016,no
Polypodiopsida,Ophioglossales,NA,Ophioglossaceae,Botrychioideae,Botrychium,original PPGI 2016,no
Polypodiopsida,Ophioglossales,NA,Ophioglossaceae,Botrychioideae,Botrypus,original PPGI 2016,no
Polypodiopsida,Ophioglossales,NA,Ophioglossaceae,Botrychioideae,Japanobotrychium,original PPGI 2016,no
Polypodiopsida,Ophioglossales,NA,Ophioglossaceae,Botrychioideae,Sceptridium,original PPGI 2016,no
Polypodiopsida,Marattiales,NA,Marattiaceae,NA,Angiopteris,original PPGI 2016,no
Polypodiopsida,Marattiales,NA,Marattiaceae,NA,Christensenia,original PPGI 2016,no
Polypodiopsida,Marattiales,NA,Marattiaceae,NA,Danaea,original PPGI 2016,no
Polypodiopsida,Marattiales,NA,Marattiaceae,NA,Eupodium,original PPGI 2016,no
Polypodiopsida,Marattiales,NA,Marattiaceae,NA,Marattia,original PPGI 2016,no
Polypodiopsida,Marattiales,NA,Marattiaceae,NA,Ptisana,original PPGI 2016,no
Polypodiopsida,Osmundales,NA,Osmundaceae,NA,Claytosmunda,original PPGI 2016,no
Polypodiopsida,Osmundales,NA,Osmundaceae,NA,Leptopteris,original PPGI 2016,no
Polypodiopsida,Osmundales,NA,Osmundaceae,NA,Osmunda,original PPGI 2016,no
Polypodiopsida,Osmundales,NA,Osmundaceae,NA,Osmundastrum,original PPGI 2016,no
Polypodiopsida,Osmundales,NA,Osmundaceae,NA,Plenasium,original PPGI 2016,no
Polypodiopsida,Osmundales,NA,Osmundaceae,NA,Todea,original PPGI 2016,no
Polypodiopsida,Hymenophyllales,NA,Hymenophyllaceae,Trichomanoideae,Abrodictyum,original PPGI 2016,no
Polypodiopsida,Hymenophyllales,NA,Hymenophyllaceae,Trichomanoideae,Callistopteris,original PPGI 2016,no
Polypodiopsida,Hymenophyllales,NA,Hymenophyllaceae,Trichomanoideae,Cephalomanes,original PPGI 2016,no
Polypodiopsida,Hymenophyllales,NA,Hymenophyllaceae,Trichomanoideae,Crepidomanes,original PPGI 2016,no
Polypodiopsida,Hymenophyllales,NA,Hymenophyllaceae,Trichomanoideae,Didymoglossum,original PPGI 2016,no
Polypodiopsida,Hymenophyllales,NA,Hymenophyllaceae,Trichomanoideae,Polyphlebium,original PPGI 2016,no
Polypodiopsida,Hymenophyllales,NA,Hymenophyllaceae,Trichomanoideae,Trichomanes,original PPGI 2016,no
Polypodiopsida,Hymenophyllales,NA,Hymenophyllaceae,Trichomanoideae,Vandenboschia,original PPGI 2016,no
Polypodiopsida,Hymenophyllales,NA,Hymenophyllaceae,Hymenophylloideae,Hymenophyllum,original PPGI 2016,no
Polypodiopsida,Gleicheniales,NA,Matoniaceae,NA,Matonia,original PPGI 2016,no
Polypodiopsida,Gleicheniales,NA,Matoniaceae,NA,Phanerosorus,original PPGI 2016,no
Polypodiopsida,Gleicheniales,NA,Dipteridaceae,NA,Cheiropleuria,original PPGI 2016,no
Polypodiopsida,Gleicheniales,NA,Dipteridaceae,NA,Dipteris,original PPGI 2016,no
Polypodiopsida,Gleicheniales,NA,Gleicheniaceae,NA,Dicranopteris,original PPGI 2016,no
Polypodiopsida,Gleicheniales,NA,Gleicheniaceae,NA,Diplopterygium,original PPGI 2016,no
Polypodiopsida,Gleicheniales,NA,Gleicheniaceae,NA,Gleichenella,original PPGI 2016,no
Polypodiopsida,Gleicheniales,NA,Gleicheniaceae,NA,Gleichenia,original PPGI 2016,no
Polypodiopsida,Gleicheniales,NA,Gleicheniaceae,NA,Sticherus,original PPGI 2016,no
Polypodiopsida,Gleicheniales,NA,Gleicheniaceae,NA,Stromatopteris,original PPGI 2016,no
Polypodiopsida,Schizaeales,NA,Lygodiaceae,NA,Lygodium,original PPGI 2016,no
Polypodiopsida,Schizaeales,NA,Schizaeaceae,NA,Actinostachys,original PPGI 2016,no
Polypodiopsida,Schizaeales,NA,Schizaeaceae,NA,Schizaea,original PPGI 2016,no
Polypodiopsida,Schizaeales,NA,Anemiaceae,NA,Anemia,original PPGI 2016,no
Polypodiopsida,Salviniales,NA,Salviniaceae,NA,Azolla,original PPGI 2016,no
Polypodiopsida,Salviniales,NA,Salviniaceae,NA,Salvinia,original PPGI 2016,no
Polypodiopsida,Salviniales,NA,Marsileaceae,NA,Marsilea,original PPGI 2016,no
Polypodiopsida,Salviniales,NA,Marsileaceae,NA,Pilularia,original PPGI 2016,no
Polypodiopsida,Salviniales,NA,Marsileaceae,NA,Regnellidium,original PPGI 2016,no
Polypodiopsida,Cyatheales,NA,Thyrsopteridaceae,NA,Thyrsopteris,original PPGI 2016,no
Polypodiopsida,Cyatheales,NA,Loxsomataceae,NA,Loxsoma,original PPGI 2016,no
Polypodiopsida,Cyatheales,NA,Loxsomataceae,NA,Loxsomopsis,original PPGI 2016,no
Polypodiopsida,Cyatheales,NA,Culcitaceae,NA,Culcita,original PPGI 2016,no
Polypodiopsida,Cyatheales,NA,Plagiogyriaceae,NA,Plagiogyria,original PPGI 2016,no
Polypodiopsida,Cyatheales,NA,Cibotiaceae,NA,Cibotium,original PPGI 2016,no
Polypodiopsida,Cyatheales,NA,Metaxyaceae,NA,Metaxya,original PPGI 2016,no
Polypodiopsida,Cyatheales,NA,Dicksoniaceae,NA,Calochlaena,original PPGI 2016,no
Polypodiopsida,Cyatheales,NA,Dicksoniaceae,NA,Dicksonia,original PPGI 2016,no
Polypodiopsida,Cyatheales,NA,Dicksoniaceae,NA,Lophosoria,original PPGI 2016,no
Polypodiopsida,Cyatheales,NA,Cyatheaceae,NA,Alsophila,original PPGI 2016,no
Polypodiopsida,Cyatheales,NA,Cyatheaceae,NA,Cyathea,original PPGI 2016,no
Polypodiopsida,Cyatheales,NA,Cyatheaceae,NA,Sphaeropteris,original PPGI 2016,no
Polypodiopsida,Polypodiales,Saccolomatineae,Saccolomataceae,NA,Saccoloma,original PPGI 2016,no
Polypodiopsida,Polypodiales,Lindsaeineae,Cystodiaceae,NA,Cystodium,original PPGI 2016,no
Polypodiopsida,Polypodiales,Lindsaeineae,Lonchitidaceae,NA,Lonchitis,original PPGI 2016,no
Polypodiopsida,Polypodiales,Lindsaeineae,Lindsaeaceae,NA,Lindsaea,original PPGI 2016,no
Polypodiopsida,Polypodiales,Lindsaeineae,Lindsaeaceae,NA,Nesolindsaea,original PPGI 2016,no
Polypodiopsida,Polypodiales,Lindsaeineae,Lindsaeaceae,NA,Odontosoria,original PPGI 2016,no
Polypodiopsida,Polypodiales,Lindsaeineae,Lindsaeaceae,NA,Osmolindsaea,original PPGI 2016,no
Polypodiopsida,Polypodiales,Lindsaeineae,Lindsaeaceae,NA,Sphenomeris,original PPGI 2016,no
Polypodiopsida,Polypodiales,Lindsaeineae,Lindsaeaceae,NA,Tapeinidium,original PPGI 2016,no
Polypodiopsida,Polypodiales,Lindsaeineae,Lindsaeaceae,NA,Xyropteris,original PPGI 2016,no
Polypodiopsida,Polypodiales,Pteridineae,Pteridaceae,Parkerioideae,Acrostichum,original PPGI 2016,no
Polypodiopsida,Polypodiales,Pteridineae,Pteridaceae,Parkerioideae,Ceratopteris,original PPGI 2016,no
Polypodiopsida,Polypodiales,Pteridineae,Pteridaceae,Cryptogrammoideae,Coniogramme,original PPGI 2016,no
Polypodiopsida,Polypodiales,Pteridineae,Pteridaceae,Cryptogrammoideae,Cryptogramma,original PPGI 2016,no
Polypodiopsida,Polypodiales,Pteridineae,Pteridaceae,Cryptogrammoideae,Llavea,original PPGI 2016,no
Polypodiopsida,Polypodiales,Pteridineae,Pteridaceae,Pteridoideae,Actiniopteris,original PPGI 2016,no
Polypodiopsida,Polypodiales,Pteridineae,Pteridaceae,Pteridoideae,Anogramma,original PPGI 2016,no
Polypodiopsida,Polypodiales,Pteridineae,Pteridaceae,Pteridoideae,Austrogramme,original PPGI 2016,no
Polypodiopsida,Polypodiales,Pteridineae,Pteridaceae,Pteridoideae,Cerosora,original PPGI 2016,no
Polypodiopsida,Polypodiales,Pteridineae,Pteridaceae,Pteridoideae,Cosentinia,original PPGI 2016,no
Polypodiopsida,Polypodiales,Pteridineae,Pteridaceae,Pteridoideae,Jamesonia,original PPGI 2016,no
Polypodiopsida,Polypodiales,Pteridineae,Pteridaceae,Pteridoideae,Onychium,original PPGI 2016,no
Polypodiopsida,Polypodiales,Pteridineae,Pteridaceae,Pteridoideae,Pityrogramma,original PPGI 2016,no
Polypodiopsida,Polypodiales,Pteridineae,Pteridaceae,Pteridoideae,Pteris,original PPGI 2016,no
Polypodiopsida,Polypodiales,Pteridineae,Pteridaceae,Pteridoideae,Pterozonium,original PPGI 2016,no
Polypodiopsida,Polypodiales,Pteridineae,Pteridaceae,Pteridoideae,Syngramma,original PPGI 2016,no
Polypodiopsida,Polypodiales,Pteridineae,Pteridaceae,Pteridoideae,Taenitis,original PPGI 2016,no
Polypodiopsida,Polypodiales,Pteridineae,Pteridaceae,Pteridoideae,Tryonia,original PPGI 2016,no
Polypodiopsida,Polypodiales,Pteridineae,Pteridaceae,Vittarioideae,Adiantum,original PPGI 2016,no
Polypodiopsida,Polypodiales,Pteridineae,Pteridaceae,Vittarioideae,Ananthacorus,original PPGI 2016,no
Polypodiopsida,Polypodiales,Pteridineae,Pteridaceae,Vittarioideae,Antrophyopsis,original PPGI 2016,no
Polypodiopsida,Polypodiales,Pteridineae,Pteridaceae,Vittarioideae,Antrophyum,original PPGI 2016,no
Polypodiopsida,Polypodiales,Pteridineae,Pteridaceae,Vittarioideae,Haplopteris,original PPGI 2016,no
Polypodiopsida,Polypodiales,Pteridineae,Pteridaceae,Vittarioideae,Hecistopteris,original PPGI 2016,no
Polypodiopsida,Polypodiales,Pteridineae,Pteridaceae,Vittarioideae,Polytaenium,original PPGI 2016,no
Polypodiopsida,Polypodiales,Pteridineae,Pteridaceae,Vittarioideae,Radiovittaria,original PPGI 2016,no
Polypodiopsida,Polypodiales,Pteridineae,Pteridaceae,Vittarioideae,Rheopteris,original PPGI 2016,no
Polypodiopsida,Polypodiales,Pteridineae,Pteridaceae,Vittarioideae,Scoliosorus,original PPGI 2016,no
Polypodiopsida,Polypodiales,Pteridineae,Pteridaceae,Vittarioideae,Vaginularia,original PPGI 2016,no
Polypodiopsida,Polypodiales,Pteridineae,Pteridaceae,Vittarioideae,Vittaria,original PPGI 2016,no
Polypodiopsida,Polypodiales,Pteridineae,Pteridaceae,Cheilanthoideae,Adiantopsis,original PPGI 2016,no
Polypodiopsida,Polypodiales,Pteridineae,Pteridaceae,Cheilanthoideae,Aleuritopteris,original PPGI 2016,no
Polypodiopsida,Polypodiales,Pteridineae,Pteridaceae,Cheilanthoideae,Allosorus,original PPGI 2016,no
Polypodiopsida,Polypodiales,Pteridineae,Pteridaceae,Cheilanthoideae,Argyrochosma,original PPGI 2016,no
Polypodiopsida,Polypodiales,Pteridineae,Pteridaceae,Cheilanthoideae,Aspidotis,original PPGI 2016,no
Polypodiopsida,Polypodiales,Pteridineae,Pteridaceae,Cheilanthoideae,Astrolepis,original PPGI 2016,no
Polypodiopsida,Polypodiales,Pteridineae,Pteridaceae,Cheilanthoideae,Bommeria,original PPGI 2016,no
Polypodiopsida,Polypodiales,Pteridineae,Pteridaceae,Cheilanthoideae,Calciphilopteris,original PPGI 2016,no
Polypodiopsida,Polypodiales,Pteridineae,Pteridaceae,Cheilanthoideae,Cheilanthes,original PPGI 2016,no
Polypodiopsida,Polypodiales,Pteridineae,Pteridaceae,Cheilanthoideae,Cheiloplecton,original PPGI 2016,no
Polypodiopsida,Polypodiales,Pteridineae,Pteridaceae,Cheilanthoideae,Doryopteris,original PPGI 2016,no
Polypodiopsida,Polypodiales,Pteridineae,Pteridaceae,Cheilanthoideae,Gaga,original PPGI 2016,no
Polypodiopsida,Polypodiales,Pteridineae,Pteridaceae,Cheilanthoideae,Hemionitis,original PPGI 2016,no
Polypodiopsida,Polypodiales,Pteridineae,Pteridaceae,Cheilanthoideae,Lytoneuron,original PPGI 2016,no
Polypodiopsida,Polypodiales,Pteridineae,Pteridaceae,Cheilanthoideae,Mildella,original PPGI 2016,no
Polypodiopsida,Polypodiales,Pteridineae,Pteridaceae,Cheilanthoideae,Myriopteris,original PPGI 2016,no
Polypodiopsida,Polypodiales,Pteridineae,Pteridaceae,Cheilanthoideae,Notholaena,original PPGI 2016,no
Polypodiopsida,Polypodiales,Pteridineae,Pteridaceae,Cheilanthoideae,Ormopteris,original PPGI 2016,no
Polypodiopsida,Polypodiales,Pteridineae,Pteridaceae,Cheilanthoideae,Paragymnopteris,original PPGI 2016,no
Polypodiopsida,Polypodiales,Pteridineae,Pteridaceae,Cheilanthoideae,Parahemionitis,original PPGI 2016,no
Polypodiopsida,Polypodiales,Pteridineae,Pteridaceae,Cheilanthoideae,Pellaea,original PPGI 2016,no
Polypodiopsida,Polypodiales,Pteridineae,Pteridaceae,Cheilanthoideae,Pentagramma,original PPGI 2016,no
Polypodiopsida,Polypodiales,Pteridineae,Pteridaceae,Cheilanthoideae,Trachypteris,original PPGI 2016,no
Polypodiopsida,Polypodiales,Dennstaedtiineae,Dennstaedtiaceae,NA,Blotiella,original PPGI 2016,no
Polypodiopsida,Polypodiales,Dennstaedtiineae,Dennstaedtiaceae,NA,Dennstaedtia,original PPGI 2016,no
Polypodiopsida,Polypodiales,Dennstaedtiineae,Dennstaedtiaceae,NA,Histiopteris,original PPGI 2016,no
Polypodiopsida,Polypodiales,Dennstaedtiineae,Dennstaedtiaceae,NA,Hypolepis,original PPGI 2016,no
Polypodiopsida,Polypodiales,Dennstaedtiineae,Dennstaedtiaceae,NA,Leptolepia,original PPGI 2016,no
Polypodiopsida,Polypodiales,Dennstaedtiineae,Dennstaedtiaceae,NA,Microlepia,original PPGI 2016,no
Polypodiopsida,Polypodiales,Dennstaedtiineae,Dennstaedtiaceae,NA,Monachosorum,original PPGI 2016,no
Polypodiopsida,Polypodiales,Dennstaedtiineae,Dennstaedtiaceae,NA,Oenotrichia,original PPGI 2016,no
Polypodiopsida,Polypodiales,Dennstaedtiineae,Dennstaedtiaceae,NA,Paesia,original PPGI 2016,no
Polypodiopsida,Polypodiales,Dennstaedtiineae,Dennstaedtiaceae,NA,Pteridium,original PPGI 2016,no
Polypodiopsida,Polypodiales,Aspleniineae,Cystopteridaceae,NA,Acystopteris,original PPGI 2016,no
Polypodiopsida,Polypodiales,Aspleniineae,Cystopteridaceae,NA,Cystopteris,original PPGI 2016,no
Polypodiopsida,Polypodiales,Aspleniineae,Cystopteridaceae,NA,Gymnocarpium,original PPGI 2016,no
Polypodiopsida,Polypodiales,Aspleniineae,Rhachidosoraceae,NA,Rhachidosorus,original PPGI 2016,no
Polypodiopsida,Polypodiales,Aspleniineae,Diplaziopsidaceae,NA,Diplaziopsis,original PPGI 2016,no
Polypodiopsida,Polypodiales,Aspleniineae,Diplaziopsidaceae,NA,Homalosorus,original PPGI 2016,no
Polypodiopsida,Polypodiales,Aspleniineae,Desmophlebiaceae,NA,Desmophlebium,original PPGI 2016,no
Polypodiopsida,Polypodiales,Aspleniineae,Hemidictyaceae,NA,Hemidictyum,original PPGI 2016,no
Polypodiopsida,Polypodiales,Aspleniineae,Aspleniaceae,NA,Asplenium,original PPGI 2016,no
Polypodiopsida,Polypodiales,Aspleniineae,Aspleniaceae,NA,Hymenasplenium,original PPGI 2016,no
Polypodiopsida,Polypodiales,Aspleniineae,Woodsiaceae,NA,Woodsia,original PPGI 2016,no
Polypodiopsida,Polypodiales,Aspleniineae,Onocleaceae,NA,Matteuccia,original PPGI 2016,no
Polypodiopsida,Polypodiales,Aspleniineae,Onocleaceae,NA,Onoclea,original PPGI 2016,no
Polypodiopsida,Polypodiales,Aspleniineae,Onocleaceae,NA,Onocleopsis,original PPGI 2016,no
Polypodiopsida,Polypodiales,Aspleniineae,Onocleaceae,NA,Pentarhizidium,original PPGI 2016,no
Polypodiopsida,Polypodiales,Aspleniineae,Blechnaceae,Stenochlaenoideae,Salpichlaena,original PPGI 2016,no
Polypodiopsida,Polypodiales,Aspleniineae,Blechnaceae,Stenochlaenoideae,Stenochlaena,original PPGI 2016,no
Polypodiopsida,Polypodiales,Aspleniineae,Blechnaceae,Stenochlaenoideae,Telmatoblechnum,original PPGI 2016,no
Polypodiopsida,Polypodiales,Aspleniineae,Blechnaceae,Woodwardioideae,Anchistea,original PPGI 2016,no
Polypodiopsida,Polypodiales,Aspleniineae,Blechnaceae,Woodwardioideae,Lorinseria,original PPGI 2016,no
Polypodiopsida,Polypodiales,Aspleniineae,Blechnaceae,Woodwardioideae,Woodwardia,original PPGI 2016,no
Polypodiopsida,Polypodiales,Aspleniineae,Blechnaceae,Blechnoideae,Austroblechnum,original PPGI 2016,no
Polypodiopsida,Polypodiales,Aspleniineae,Blechnaceae,Blechnoideae,Blechnidium,original PPGI 2016,no
Polypodiopsida,Polypodiales,Aspleniineae,Blechnaceae,Blechnoideae,Blechnopsis,original PPGI 2016,no
Polypodiopsida,Polypodiales,Aspleniineae,Blechnaceae,Blechnoideae,Blechnum,original PPGI 2016,no
Polypodiopsida,Polypodiales,Aspleniineae,Blechnaceae,Blechnoideae,Brainea,original PPGI 2016,no
Polypodiopsida,Polypodiales,Aspleniineae,Blechnaceae,Blechnoideae,Cleistoblechnum,original PPGI 2016,no
Polypodiopsida,Polypodiales,Aspleniineae,Blechnaceae,Blechnoideae,Cranfillia,original PPGI 2016,no
Polypodiopsida,Polypodiales,Aspleniineae,Blechnaceae,Blechnoideae,Diploblechnum,original PPGI 2016,no
Polypodiopsida,Polypodiales,Aspleniineae,Blechnaceae,Blechnoideae,Doodia,original PPGI 2016,no
Polypodiopsida,Polypodiales,Aspleniineae,Blechnaceae,Blechnoideae,Icarus,original PPGI 2016,no
Polypodiopsida,Polypodiales,Aspleniineae,Blechnaceae,Blechnoideae,Lomaria,original PPGI 2016,no
Polypodiopsida,Polypodiales,Aspleniineae,Blechnaceae,Blechnoideae,Lomaridium,original PPGI 2016,no
Polypodiopsida,Polypodiales,Aspleniineae,Blechnaceae,Blechnoideae,Lomariocycas,original PPGI 2016,no
Polypodiopsida,Polypodiales,Aspleniineae,Blechnaceae,Blechnoideae,Neoblechnum,original PPGI 2016,no
Polypodiopsida,Polypodiales,Aspleniineae,Blechnaceae,Blechnoideae,Oceaniopteris,original PPGI 2016,no
Polypodiopsida,Polypodiales,Aspleniineae,Blechnaceae,Blechnoideae,Parablechnum,original PPGI 2016,no
Polypodiopsida,Polypodiales,Aspleniineae,Blechnaceae,Blechnoideae,Sadleria,original PPGI 2016,no
Polypodiopsida,Polypodiales,Aspleniineae,Blechnaceae,Blechnoideae,Struthiopteris,original PPGI 2016,no
Polypodiopsida,Polypodiales,Aspleniineae,Athyriaceae,NA,Athyrium,original PPGI 2016,no
Polypodiopsida,Polypodiales,Aspleniineae,Athyriaceae,NA,Deparia,original PPGI 2016,no
Polypodiopsida,Polypodiales,Aspleniineae,Athyriaceae,NA,Diplazium,original PPGI 2016,no
Polypodiopsida,Polypodiales,Aspleniineae,Thelypteridaceae,Phegopteridoideae,Macrothelypteris,original PPGI 2016,no
Polypodiopsida,Polypodiales,Aspleniineae,Thelypteridaceae,Phegopteridoideae,Phegopteris,original PPGI 2016,no
Polypodiopsida,Polypodiales,Aspleniineae,Thelypteridaceae,Phegopteridoideae,Pseudophegopteris,original PPGI 2016,no
Polypodiopsida,Polypodiales,Aspleniineae,Thelypteridaceae,Thelypteridoideae,Amauropelta,original PPGI 2016,no
Polypodiopsida,Polypodiales,Aspleniineae,Thelypteridaceae,Thelypteridoideae,Amblovenatum,original PPGI 2016,no
Polypodiopsida,Polypodiales,Aspleniineae,Thelypteridaceae,Thelypteridoideae,Ampelopteris,original PPGI 2016,no
Polypodiopsida,Polypodiales,Aspleniineae,Thelypteridaceae,Thelypteridoideae,Chingia,original PPGI 2016,no
Polypodiopsida,Polypodiales,Aspleniineae,Thelypteridaceae,Thelypteridoideae,Christella,original PPGI 2016,no
Polypodiopsida,Polypodiales,Aspleniineae,Thelypteridaceae,Thelypteridoideae,Coryphopteris,original PPGI 2016,no
Polypodiopsida,Polypodiales,Aspleniineae,Thelypteridaceae,Thelypteridoideae,Cyclogramma,original PPGI 2016,no
Polypodiopsida,Polypodiales,Aspleniineae,Thelypteridaceae,Thelypteridoideae,Cyclosorus,original PPGI 2016,no
Polypodiopsida,Polypodiales,Aspleniineae,Thelypteridaceae,Thelypteridoideae,Glaphyropteridopsis,original PPGI 2016,no
Polypodiopsida,Polypodiales,Aspleniineae,Thelypteridaceae,Thelypteridoideae,Goniopteris,original PPGI 2016,no
Polypodiopsida,Polypodiales,Aspleniineae,Thelypteridaceae,Thelypteridoideae,Meniscium,original PPGI 2016,no
Polypodiopsida,Polypodiales,Aspleniineae,Thelypteridaceae,Thelypteridoideae,Menisorus,original PPGI 2016,no
Polypodiopsida,Polypodiales,Aspleniineae,Thelypteridaceae,Thelypteridoideae,Mesophlebion,original PPGI 2016,no
Polypodiopsida,Polypodiales,Aspleniineae,Thelypteridaceae,Thelypteridoideae,Mesopteris,original PPGI 2016,no
Polypodiopsida,Polypodiales,Aspleniineae,Thelypteridaceae,Thelypteridoideae,Metathelypteris,original PPGI 2016,no
Polypodiopsida,Polypodiales,Aspleniineae,Thelypteridaceae,Thelypteridoideae,Nannothelypteris,original PPGI 2016,no
Polypodiopsida,Polypodiales,Aspleniineae,Thelypteridaceae,Thelypteridoideae,Oreopteris,original PPGI 2016,no
Polypodiopsida,Polypodiales,Aspleniineae,Thelypteridaceae,Thelypteridoideae,Parathelypteris,original PPGI 2016,no
Polypodiopsida,Polypodiales,Aspleniineae,Thelypteridaceae,Thelypteridoideae,Plesioneuron,original PPGI 2016,no
Polypodiopsida,Polypodiales,Aspleniineae,Thelypteridaceae,Thelypteridoideae,Pneumatopteris,original PPGI 2016,no
Polypodiopsida,Polypodiales,Aspleniineae,Thelypteridaceae,Thelypteridoideae,Pronephrium,original PPGI 2016,no
Polypodiopsida,Polypodiales,Aspleniineae,Thelypteridaceae,Thelypteridoideae,Pseudocyclosorus,original PPGI 2016,no
Polypodiopsida,Polypodiales,Aspleniineae,Thelypteridaceae,Thelypteridoideae,Sphaerostephanos,original PPGI 2016,no
Polypodiopsida,Polypodiales,Aspleniineae,Thelypteridaceae,Thelypteridoideae,Stegnogramma,original PPGI 2016,no
Polypodiopsida,Polypodiales,Aspleniineae,Thelypteridaceae,Thelypteridoideae,Steiropteris,original PPGI 2016,no
Polypodiopsida,Polypodiales,Aspleniineae,Thelypteridaceae,Thelypteridoideae,Thelypteris,original PPGI 2016,no
Polypodiopsida,Polypodiales,Aspleniineae,Thelypteridaceae,Thelypteridoideae,Trigonospora,original PPGI 2016,no
Polypodiopsida,Polypodiales,Polypodiineae,Didymochlaenaceae,NA,Didymochlaena,original PPGI 2016,no
Polypodiopsida,Polypodiales,Polypodiineae,Hypodematiaceae,NA,Hypodematium,original PPGI 2016,no
Polypodiopsida,Polypodiales,Polypodiineae,Hypodematiaceae,NA,Leucostegia,original PPGI 2016,no
Polypodiopsida,Polypodiales,Polypodiineae,Dryopteridaceae,Polybotryoideae,Cyclodium,original PPGI 2016,no
Polypodiopsida,Polypodiales,Polypodiineae,Dryopteridaceae,Polybotryoideae,Maxonia,original PPGI 2016,no
Polypodiopsida,Polypodiales,Polypodiineae,Dryopteridaceae,Polybotryoideae,Olfersia,original PPGI 2016,no
Polypodiopsida,Polypodiales,Polypodiineae,Dryopteridaceae,Polybotryoideae,Polybotrya,original PPGI 2016,no
Polypodiopsida,Polypodiales,Polypodiineae,Dryopteridaceae,Polybotryoideae,Polystichopsis,original PPGI 2016,no
Polypodiopsida,Polypodiales,Polypodiineae,Dryopteridaceae,Polybotryoideae,Stigmatopteris,original PPGI 2016,no
Polypodiopsida,Polypodiales,Polypodiineae,Dryopteridaceae,Polybotryoideae,Trichoneuron,original PPGI 2016,no
Polypodiopsida,Polypodiales,Polypodiineae,Dryopteridaceae,Elaphoglossoideae,Arthrobotrya,original PPGI 2016,no
Polypodiopsida,Polypodiales,Polypodiineae,Dryopteridaceae,Elaphoglossoideae,Bolbitis,original PPGI 2016,no
Polypodiopsida,Polypodiales,Polypodiineae,Dryopteridaceae,Elaphoglossoideae,Elaphoglossum,original PPGI 2016,no
Polypodiopsida,Polypodiales,Polypodiineae,Dryopteridaceae,Elaphoglossoideae,Lastreopsis,original PPGI 2016,no
Polypodiopsida,Polypodiales,Polypodiineae,Dryopteridaceae,Elaphoglossoideae,Lomagramma,original PPGI 2016,no
Polypodiopsida,Polypodiales,Polypodiineae,Dryopteridaceae,Elaphoglossoideae,Megalastrum,original PPGI 2016,no
Polypodiopsida,Polypodiales,Polypodiineae,Dryopteridaceae,Elaphoglossoideae,Mickelia,original PPGI 2016,no
Polypodiopsida,Polypodiales,Polypodiineae,Dryopteridaceae,Elaphoglossoideae,Parapolystichum,original PPGI 2016,no
Polypodiopsida,Polypodiales,Polypodiineae,Dryopteridaceae,Elaphoglossoideae,Pleocnemia,original PPGI 2016,no
Polypodiopsida,Polypodiales,Polypodiineae,Dryopteridaceae,Elaphoglossoideae,Rumohra,original PPGI 2016,no
Polypodiopsida,Polypodiales,Polypodiineae,Dryopteridaceae,Elaphoglossoideae,Teratophyllum,original PPGI 2016,no
Polypodiopsida,Polypodiales,Polypodiineae,Dryopteridaceae,Dryopteridoideae,Arachniodes,original PPGI 2016,no
Polypodiopsida,Polypodiales,Polypodiineae,Dryopteridaceae,Dryopteridoideae,Ctenitis,original PPGI 2016,no
Polypodiopsida,Polypodiales,Polypodiineae,Dryopteridaceae,Dryopteridoideae,Cyrtomium,original PPGI 2016,no
Polypodiopsida,Polypodiales,Polypodiineae,Dryopteridaceae,Dryopteridoideae,Dryopteris,original PPGI 2016,no
Polypodiopsida,Polypodiales,Polypodiineae,Dryopteridaceae,Dryopteridoideae,Phanerophlebia,original PPGI 2016,no
Polypodiopsida,Polypodiales,Polypodiineae,Dryopteridaceae,Dryopteridoideae,Polystichum,original PPGI 2016,no
Polypodiopsida,Polypodiales,Polypodiineae,Tectariaceae,NA,Aenigmopteris,"PPGI 2016 had in Dryropteridaceae, but Chen et al 2017 show its in Tectariaceae",no
Polypodiopsida,Polypodiales,Polypodiineae,Dryopteridaceae,NA,Dryopolystichum,original PPGI 2016,no
Polypodiopsida,Polypodiales,Polypodiineae,Nephrolepidaceae,NA,Nephrolepis,original PPGI 2016,no
Polypodiopsida,Polypodiales,Polypodiineae,Lomariopsidaceae,NA,Cyclopeltis,original PPGI 2016,no
Polypodiopsida,Polypodiales,Polypodiineae,Lomariopsidaceae,NA,Dracoglossum,original PPGI 2016,no
Polypodiopsida,Polypodiales,Polypodiineae,Lomariopsidaceae,NA,Lomariopsis,original PPGI 2016,no
Polypodiopsida,Polypodiales,Polypodiineae,Lomariopsidaceae,NA,Thysanosoria,original PPGI 2016,no
Polypodiopsida,Polypodiales,Polypodiineae,Tectariaceae,NA,Arthropteris,original PPGI 2016,no
Polypodiopsida,Polypodiales,Polypodiineae,Tectariaceae,NA,Draconopteris,original PPGI 2016,no
Polypodiopsida,Polypodiales,Polypodiineae,Tectariaceae,NA,Hypoderris,original PPGI 2016,no
Polypodiopsida,Polypodiales,Polypodiineae,Tectariaceae,NA,Malaifilix,original PPGI 2016,no
Polypodiopsida,Polypodiales,Polypodiineae,Tectariaceae,NA,Pteridrys,original PPGI 2016,no
Polypodiopsida,Polypodiales,Polypodiineae,Tectariaceae,NA,Tectaria,original PPGI 2016,no
Polypodiopsida,Polypodiales,Polypodiineae,Tectariaceae,NA,Triplophyllum,original PPGI 2016,no
Polypodiopsida,Polypodiales,Polypodiineae,Oleandraceae,NA,Oleandra,original PPGI 2016,no
Polypodiopsida,Polypodiales,Polypodiineae,Davalliaceae,NA,Davallia,original PPGI 2016,no
Polypodiopsida,Polypodiales,Polypodiineae,Polypodiaceae,Loxogrammoideae,Dictymia,original PPGI 2016,no
Polypodiopsida,Polypodiales,Polypodiineae,Polypodiaceae,Loxogrammoideae,Loxogramme,original PPGI 2016,no
Polypodiopsida,Polypodiales,Polypodiineae,Polypodiaceae,Platycerioideae,Platycerium,original PPGI 2016,no
Polypodiopsida,Polypodiales,Polypodiineae,Polypodiaceae,Platycerioideae,Pyrrosia,original PPGI 2016,no
Polypodiopsida,Polypodiales,Polypodiineae,Polypodiaceae,Drynarioideae,Aglaomorpha,original PPGI 2016,no
Polypodiopsida,Polypodiales,Polypodiineae,Polypodiaceae,Drynarioideae,Arthromeris,original PPGI 2016,no
Polypodiopsida,Polypodiales,Polypodiineae,Polypodiaceae,Drynarioideae,Gymnogrammitis,original PPGI 2016,no
Polypodiopsida,Polypodiales,Polypodiineae,Polypodiaceae,Drynarioideae,Paraselliguea,original PPGI 2016,no
Polypodiopsida,Polypodiales,Polypodiineae,Polypodiaceae,Drynarioideae,Polypodiopteris,original PPGI 2016,no
Polypodiopsida,Polypodiales,Polypodiineae,Polypodiaceae,Drynarioideae,Selliguea,original PPGI 2016,no
Polypodiopsida,Polypodiales,Polypodiineae,Polypodiaceae,Microsoroideae,Goniophlebium,original PPGI 2016,no
Polypodiopsida,Polypodiales,Polypodiineae,Polypodiaceae,Microsoroideae,Lecanopteris,original PPGI 2016,no
Polypodiopsida,Polypodiales,Polypodiineae,Polypodiaceae,Microsoroideae,Lemmaphyllum,original PPGI 2016,no
Polypodiopsida,Polypodiales,Polypodiineae,Polypodiaceae,Microsoroideae,Lepidomicrosorium,original PPGI 2016,no
Polypodiopsida,Polypodiales,Polypodiineae,Polypodiaceae,Microsoroideae,Lepisorus,original PPGI 2016,no
Polypodiopsida,Polypodiales,Polypodiineae,Polypodiaceae,Microsoroideae,Leptochilus,original PPGI 2016,no
Polypodiopsida,Polypodiales,Polypodiineae,Polypodiaceae,Microsoroideae,Microsorum,original PPGI 2016,no
Polypodiopsida,Polypodiales,Polypodiineae,Polypodiaceae,Microsoroideae,Neocheiropteris,original PPGI 2016,no
Polypodiopsida,Polypodiales,Polypodiineae,Polypodiaceae,Microsoroideae,Neolepisorus,original PPGI 2016,no
Polypodiopsida,Polypodiales,Polypodiineae,Polypodiaceae,Microsoroideae,Paragramma,original PPGI 2016,no
Polypodiopsida,Polypodiales,Polypodiineae,Polypodiaceae,Microsoroideae,Thylacopteris,original PPGI 2016,no
Polypodiopsida,Polypodiales,Polypodiineae,Polypodiaceae,Microsoroideae,Tricholepidium,original PPGI 2016,no
Polypodiopsida,Polypodiales,Polypodiineae,Polypodiaceae,Polypodioideae,Campyloneurum,original PPGI 2016,no
Polypodiopsida,Polypodiales,Polypodiineae,Polypodiaceae,Polypodioideae,Microgramma,original PPGI 2016,no
Polypodiopsida,Polypodiales,Polypodiineae,Polypodiaceae,Polypodioideae,Niphidium,original PPGI 2016,no
Polypodiopsida,Polypodiales,Polypodiineae,Polypodiaceae,Polypodioideae,Pecluma,original PPGI 2016,no
Polypodiopsida,Polypodiales,Polypodiineae,Polypodiaceae,Polypodioideae,Phlebodium,original PPGI 2016,no
Polypodiopsida,Polypodiales,Polypodiineae,Polypodiaceae,Polypodioideae,Pleopeltis,original PPGI 2016,no
Polypodiopsida,Polypodiales,Polypodiineae,Polypodiaceae,Polypodioideae,Pleurosoriopsis,original PPGI 2016,no
Polypodiopsida,Polypodiales,Polypodiineae,Polypodiaceae,Polypodioideae,Polypodium,original PPGI 2016,no
Polypodiopsida,Polypodiales,Polypodiineae,Polypodiaceae,Polypodioideae,Serpocaulon,original PPGI 2016,no
Polypodiopsida,Polypodiales,Polypodiineae,Polypodiaceae,Grammitidoideae,Acrosorus,original PPGI 2016,no
Polypodiopsida,Polypodiales,Polypodiineae,Polypodiaceae,Grammitidoideae,Adenophorus,original PPGI 2016,no
Polypodiopsida,Polypodiales,Polypodiineae,Polypodiaceae,Grammitidoideae,Alansmia,original PPGI 2016,no
Polypodiopsida,Polypodiales,Polypodiineae,Polypodiaceae,Grammitidoideae,Archigrammitis,original PPGI 2016,no
Polypodiopsida,Polypodiales,Polypodiineae,Polypodiaceae,Grammitidoideae,Ascogrammitis,original PPGI 2016,no
Polypodiopsida,Polypodiales,Polypodiineae,Polypodiaceae,Grammitidoideae,Calymmodon,original PPGI 2016,no
Polypodiopsida,Polypodiales,Polypodiineae,Polypodiaceae,Grammitidoideae,Ceradenia,original PPGI 2016,no
Polypodiopsida,Polypodiales,Polypodiineae,Polypodiaceae,Grammitidoideae,Chrysogrammitis,original PPGI 2016,no
Polypodiopsida,Polypodiales,Polypodiineae,Polypodiaceae,Grammitidoideae,Cochlidium,original PPGI 2016,no
Polypodiopsida,Polypodiales,Polypodiineae,Polypodiaceae,Grammitidoideae,Ctenopterella,original PPGI 2016,no
Polypodiopsida,Polypodiales,Polypodiineae,Polypodiaceae,Grammitidoideae,Dasygrammitis,original PPGI 2016,no
Polypodiopsida,Polypodiales,Polypodiineae,Polypodiaceae,Grammitidoideae,Enterosora,original PPGI 2016,no
Polypodiopsida,Polypodiales,Polypodiineae,Polypodiaceae,Grammitidoideae,Galactodenia,original PPGI 2016,no
Polypodiopsida,Polypodiales,Polypodiineae,Polypodiaceae,Grammitidoideae,Grammitis,original PPGI 2016,no
Polypodiopsida,Polypodiales,Polypodiineae,Polypodiaceae,Grammitidoideae,Lellingeria,original PPGI 2016,no
Polypodiopsida,Polypodiales,Polypodiineae,Polypodiaceae,Grammitidoideae,Leucotrichum,original PPGI 2016,no
Polypodiopsida,Polypodiales,Polypodiineae,Polypodiaceae,Grammitidoideae,Lomaphlebia,original PPGI 2016,no
Polypodiopsida,Polypodiales,Polypodiineae,Polypodiaceae,Grammitidoideae,Luisma,original PPGI 2016,no
Polypodiopsida,Polypodiales,Polypodiineae,Polypodiaceae,Grammitidoideae,Melpomene,original PPGI 2016,no
Polypodiopsida,Polypodiales,Polypodiineae,Polypodiaceae,Grammitidoideae,Micropolypodium,original PPGI 2016,no
Polypodiopsida,Polypodiales,Polypodiineae,Polypodiaceae,Grammitidoideae,Moranopteris,original PPGI 2016,no
Polypodiopsida,Polypodiales,Polypodiineae,Polypodiaceae,Grammitidoideae,Mycopteris,original PPGI 2016,no
Polypodiopsida,Polypodiales,Polypodiineae,Polypodiaceae,Grammitidoideae,Notogrammitis,original PPGI 2016,no
Polypodiopsida,Polypodiales,Polypodiineae,Polypodiaceae,Grammitidoideae,Oreogrammitis,original PPGI 2016,no
Polypodiopsida,Polypodiales,Polypodiineae,Polypodiaceae,Grammitidoideae,Prosaptia,original PPGI 2016,no
Polypodiopsida,Polypodiales,Polypodiineae,Polypodiaceae,Grammitidoideae,Radiogrammitis,original PPGI 2016,no
Polypodiopsida,Polypodiales,Polypodiineae,Polypodiaceae,Grammitidoideae,Scleroglossum,original PPGI 2016,no
Polypodiopsida,Polypodiales,Polypodiineae,Polypodiaceae,Grammitidoideae,Stenogrammitis,original PPGI 2016,no
Polypodiopsida,Polypodiales,Polypodiineae,Polypodiaceae,Grammitidoideae,Terpsichore,original PPGI 2016,no
Polypodiopsida,Polypodiales,Polypodiineae,Polypodiaceae,Grammitidoideae,Themelium,original PPGI 2016,no
Polypodiopsida,Polypodiales,Polypodiineae,Polypodiaceae,Grammitidoideae,Tomophyllum,original PPGI 2016,no
Polypodiopsida,Polypodiales,Polypodiineae,Polypodiaceae,Grammitidoideae,Xiphopterella,original PPGI 2016,no
Polypodiopsida,Polypodiales,Polypodiineae,Polypodiaceae,Grammitidoideae,Zygophlebia,original PPGI 2016,no
Polypodiopsida,Polypodiales,Polypodiineae,Polypodiaceae,NA,Synammia,original PPGI 2016,no
Polypodiopsida,Polypodiales,Polypodiineae,Polypodiaceae,Polypodioideae,Adetogramma,new genus (Almeida 2017),no
Polypodiopsida,Polypodiales,Aspleniineae,Athyriaceae,NA,Anisocampium,"PPGI 2016 includes in Athyrium, but World Ferns separates",no
Polypodiopsida,Polypodiales,Aspleniineae,Athyriaceae,NA,Cornopteris,"PPGI 2016 includes in Athyrium, but World Ferns separates",no
Polypodiopsida,Polypodiales,Pteridineae,Pteridaceae,Pteridoideae,Gastoniella,new genus (Zhang 2017),no
Polypodiopsida,Polypodiales,Polypodiineae,Polypodiaceae,Platycerioideae,Hovenkampia,new genus (Zhou 2017),no
Lycopodiopsida,Isoëtales,NA,Isoëtaceae,NA,Isoetes,Alternative spelling,no
Polypodiopsida,Ophioglossales,NA,Ophioglossaceae,Botrychioideae,Japanobotrychum,Alternative spelling (needs to be corrected in World Ferns),no
Polypodiopsida,Polypodiales,Pteridineae,Pteridaceae,Cheilanthoideae,Mickelopteris,Synonym of Parahemionitis (Fraser-Jenkins 2016 An Annotated Checklist of Indian Pteridophytes),no
Polypodiopsida,Polypodiales,Pteridineae,Pteridaceae,Cheilanthoideae,Oeosporangium,"PPGI 2016 includes in Allosorus, but World Ferns separates",no
Polypodiopsida,Polypodiales,Lindsaeineae,Lindsaeaceae,NA,Ormoloma,old genus not in PPGI 2016 (Maxon 1933),no
Polypodiopsida,Polypodiales,Saccolomatineae,Saccolomataceae,NA,Orthiopteris,"PPGI 2016 includes in Saccoloma, but World Ferns separates",no
Polypodiopsida,Polypodiales,Polypodiineae,Polypodiaceae,Microsoroideae,Phymatosorus,"PPGI 2016 includes in Microsorum, but World Ferns separates",no
Polypodiopsida,Polypodiales,Polypodiineae,Polypodiaceae,Drynarioideae,Pichisermollodes,"PPGI 2016 includes in Selliguea, but World Ferns separates",no
Polypodiopsida,Polypodiales,Polypodiineae,Polypodiaceae,Microsoroideae,Polypodiodes,"PPGI 2016 includes in Goniophlebium, but World Ferns separates",no
Polypodiopsida,Polypodiales,Polypodiineae,Dryopteridaceae,Dryopteridoideae,Acrorumohra,"PPGI 2016 includes in Dryopteris, but separate in some GenBank",no
Polypodiopsida,Polypodiales,Polypodiineae,Polypodiaceae,Grammitidoideae,Ctenopteris,"PPGI 2016 includes in Prosaptia, but separate in some GenBank",no
Polypodiopsida,Polypodiales,Polypodiineae,Polypodiaceae,Platycerioideae,Cyclophorus,"Synonym of Pyrrosia, used in some GenBank",no
Polypodiopsida,Polypodiales,Polypodiineae,Davalliaceae,NA,Davallodes,"PPGI 2016 includes in Davallia, but separate in some GenBank",no
Polypodiopsida,Polypodiales,Polypodiineae,Polypodiaceae,Drynarioideae,Drynaria,"PPGI 2016 includes in Aglaomorpha, but separate in some GenBank",no
Polypodiopsida,Cyatheales,NA,Cyatheaceae,NA,Gymnosphaera,"PPGI 2016 includes in Alsophila, but separate in some GenBank",no
Polypodiopsida,Polypodiales,Polypodiineae,Tectariaceae,NA,Heterogonium,"PPGI 2016 includes in Tectaria, but separate in some GenBank",no
Polypodiopsida,Polypodiales,Dennstaedtiineae,Dennstaedtiaceae,NA,Hiya,new genus (Shang 2018),no
Polypodiopsida,Polypodiales,Polypodiineae,Davalliaceae,NA,Humata,"PPGI 2016 includes in Davallia, but separate in some GenBank",no
Polypodiopsida,Polypodiales,Aspleniineae,Thelypteridaceae,Thelypteridoideae,Leptogramma,"PPGI 2016 includes in Stegnogramma, but separate in some GenBank",no
Polypodiopsida,Polypodiales,Pteridineae,Pteridaceae,Vittarioideae,Monogramma,"PPGI 2016 includes in Haplopteris, but separate in some GenBank",no
Polypodiopsida,Polypodiales,Pteridineae,Pteridaceae,Cheilanthoideae,Negripteris,"PPGI 2016 includes in Cheilanthes, but separate in some GenBank",no
Polypodiopsida,Polypodiales,Polypodiineae,Polypodiaceae,Polypodioideae,Neurodium,"PPGI 2016 includes in Pleopeltis, but separate in some GenBank",no
Polypodiopsida,Polypodiales,Polypodiineae,Polypodiaceae,Grammitidoideae,Parrisia,new genus (Shalisko 2019),no
Polypodiopsida,Polypodiales,Polypodiineae,Polypodiaceae,Drynarioideae,Phymatopteris,"PPGI 2016 includes in Selliguea, but separate in some GenBank",no
Polypodiopsida,Polypodiales,Polypodiineae,Polypodiaceae,Microsoroideae,Platygyria,"Segregate of Lepisorus. Not treated in PPGI 2016, but separate in some GenBank",no
Polypodiopsida,Polypodiales,Aspleniineae,Aspleniaceae,NA,Pleurosorus,"PPGI 2016 includes in Asplenium, but separate in some GenBank",no
Polypodiopsida,Polypodiales,Polypodiineae,Tectariaceae,NA,Polydictyum,"PPGI 2016 includes in Tectaria, but separate in some GenBank",no
Polypodiopsida,Polypodiales,Aspleniineae,Athyriaceae,NA,Pseudathyrium,"Segregate of Athyrium. Not treated in PPGI 2016, but resurrected (Wei et al 2018)",no
Polypodiopsida,Polypodiales,Polypodiineae,Dryopteridaceae,Dryopteridoideae,Pseudotectaria,"PPGI 2016 includes in Ctenitis, but separate in some GenBank",no
Polypodiopsida,Polypodiales,Aspleniineae,Blechnaceae,Blechnoideae,Spicantopsis,"PPGI 2016 includes in Struthiopteris, but World Ferns separates",no
Polypodiopsida,Polypodiales,Pteridineae,Pteridaceae,Cheilanthoideae,Baja,New genus (George 2019),no
Polypodiopsida,Polypodiales,Aspleniineae,Athyriaceae,NA,Ephemeropteris,New genus (Moran 2019),no
Polypodiopsida,Polypodiales,Polypodiineae,Dryopteridaceae,Dryopteridoideae,Atalopteris,"Synonym of Polybotrya? used in World Ferns, but not PPGI 2016",no
Polypodiopsida,Polypodiales,Polypodiineae,Polypodiaceae,Microsoroideae,Bosmania,"Synonym of Microsorum used in World Ferns, but not PPGI 2016",no
Polypodiopsida,Polypodiales,Polypodiineae,Polypodiaceae,Microsoroideae,Dendroconche,"Synonym of Microsorum used in World Ferns, but not PPGI 2016",no
Polypodiopsida,Polypodiales,Polypodiineae,Polypodiaceae,NA,Podosorus,old genus not in PPGI 2016 (Holttum 1966),no
Polypodiopsida,Polypodiales,Polypodiineae,Polypodiaceae,Microsoroideae,Zealandia,New genus (Testo 2019),no
Polypodiopsida,Polypodiales,Aspleniineae,Woodsiaceae,NA,Physematium,Resurrected genus (Lu et al. 2020),no
Polypodiopsida,Gleicheniales,NA,Gleicheniaceae,NA,Rouxopteris,New genus (Liu et al. 2020),no
Polypodiopsida,Ophioglossales,NA,Ophioglossaceae,Botrychioideae,Sahashia,New genus (Zhang et al. 2020),no
Polypodiopsida,Polypodiales,Aspleniineae,Thelypteridaceae,Thelypteridoideae,Chrismatopteris,Nothogenus,yes
Polypodiopsida,Polypodiales,Aspleniineae,Thelypteridaceae,Thelypteridoideae,Chrinephrium,Nothogenus,yes
Polypodiopsida,Polypodiales,Polypodiineae,Dryopteridaceae,Dryopteridoideae,Dryostichum,Nothogenus,yes
Polypodiopsida,Polypodiales,Lindsaeineae,Lindsaeaceae,NA,Lindsaeosoria,Nothogenus,yes
Polypodiopsida,Polypodiales,Aspleniineae,Cystopteridaceae,NA,Cystocarpium,Nothogenus,yes
Polypodiopsida,Polypodiales,Polypodiineae,Dryopteridaceae,Polybotryoideae,Cyclobotrya,Nothogenus,yes
Polypodiopsida,Polypodiales,Polypodiineae,Dryopteridaceae,Polybotryoideae,Sellimeris,Nothogenus,yes
Polypodiopsida,Polypodiales,Aspleniineae,NA,NA,Asplenicystopteris,"Nothogenus (between families, so family is NA)",yes
Polypodiopsida,Polypodiales,Aspleniineae,Thelypteridaceae,Thelypteridoideae,Glaphypseudosorus,New nothogenus (Liu et al. 2020),yes
Polypodiopsida,Osmundales,NA,Osmundaceae,NA,Osmunasium,New nothogenus (Liu et al. 2020),yes
Polypodiopsida,Osmundales,NA,Osmundaceae,NA,Osmuntonia,New nothogenus (Liu et al. 2020),yes
Polypodiopsida,Polypodiales,Aspleniineae,Athyriaceae,NA,Cornoathyrium,Nothogenus,yes
Polypodiopsida,Polypodiales,Aspleniineae,Woodsiaceae,NA,Woodsimatium,Nothogenus,yes
Polypodiopsida,Polypodiales,Aspleniineae,Athyriaceae,NA,Schnellerathyrium,New nothogenus (Liu et al. 2020),yes
Polypodiopsida,Polypodiales,Aspleniineae,Blechnaceae,Blechnoideae,Oceanidoodia,New nothogenus (Liu et al. 2020),yes
Polypodiopsida,Polypodiales,Aspleniineae,Thelypteridaceae,Thelypteridoideae,Abacopteris,"Used in World Ferns, but not PPGI 2016",no
Polypodiopsida,Polypodiales,Aspleniineae,Thelypteridaceae,Thelypteridoideae,Grypothrix,New genus (Fawcett and Smith 2021),no
Polypodiopsida,Polypodiales,Aspleniineae,Thelypteridaceae,Thelypteridoideae,Hoiokula,New genus (Fawcett and Smith 2021),no
Polypodiopsida,Polypodiales,Aspleniineae,Thelypteridaceae,Thelypteridoideae,Menisciopsis,New genus (Fawcett and Smith 2021),no
Polypodiopsida,Polypodiales,Aspleniineae,Thelypteridaceae,Thelypteridoideae,Pakau,New genus (Fawcett and Smith 2021),no
Polypodiopsida,Polypodiales,Aspleniineae,Thelypteridaceae,Thelypteridoideae,Pelazoneuron,New genus (Fawcett and Smith 2021),no
Polypodiopsida,Polypodiales,Aspleniineae,Thelypteridaceae,Thelypteridoideae,Reholttumia,New genus (Fawcett and Smith 2021),no
Polypodiopsida,Polypodiales,Aspleniineae,Thelypteridaceae,Thelypteridoideae,Strophocaulon,New genus (Fawcett and Smith 2021),no
Polypodiopsida,Polypodiales,Pteridineae,Pteridaceae,Cheilanthoideae,Mineirella,New genus (Ponce and Scataglini 2022),no
Polypodiopsida,Polypodiales,Polypodiineae,Polypodiaceae,NA,Phlebosia,New nothogenus (Viane and Pompe 2020),yes
